images,texture
_7UfL2egoN0_300.png,hard
_22eJvtP_lc_50.png,hard
_CT7KRej9AY_100.png,hard
_Itl2z9fUQA_150.png,hard
_UoRGJmsRqY_100.png,hard
_vnC7WQazMM_100.png,hard
_y5eVtByYQU_50.png,hard
-0M6ixK7aIU_1250.png,hard
-0M6ixK7aIU_2700.png,hard
-5zNAhwRoPE_200.png,hard
-0M6ixK7aIU_3050.png,hard
Ev4S58UwTU_50.png,hard
s7X8RLJNqA_850.png,hard
tQyEd4L6wo_300.png,hard
0Ke1MYdxsgg_550.png,hard
0Ke1MYdxsgg_1650.png,hard
1-UMg_jEcdA_100.png,hard
1dfiSb6WvlA_50.png,hard
1csvtOQNd0M_900.png,hard
1RYdYTP1uZg_2650.png,hard
1TYadVk-pZk_700.png,hard
1ueaSm-2-lo_150.png,hard
1WGC4n9hhLw_1750.png,hard
2eYLPE3_kxI_750.png,hard
2tMw3eEH1-w_2500.png,hard
2tMw3eEH1-w_50.png,hard
2X6W0XXwpjU_300.png,hard
3_2qe9xXnuw_750.png,hard
3_2qe9xXnuw_3100.png,hard
3jlGNZpQ6Uw_100.png,hard
_OamdNVS1i4_50.png,clay
5ljBK4HnI_400.png,clay
5ljBK4HnI_300.png,clay
_OamdNVS1i4_100.png,clay
-34oYneHVGg_800.png,clay
-34oYneHVGg_1300.png,clay
0HZrko8jODY_50.png,clay
1csvtOQNd0M_1900.png,clay
1uqPfXR_hv0_450.png,clay
1uqPfXR_hv0_550.png,clay
2pHpfroFK38_400.png,clay
3YLtg_0sDjw_2650.png,clay
3YLtg_0sDjw_2700.png,clay
4S2Oqdemfj0_300.png,clay
4S2Oqdemfj0_350.png,clay
4S2Oqdemfj0_3250.png,clay
4S2Oqdemfj0_3150.png,clay
5GFMhlMoqUs_100.png,clay
5GFMhlMoqUs_150.png,clay
5GFMhlMoqUs_3600.png,clay
5GFMhlMoqUs_3950.png,clay
5mQ2TFr1Aus_500.png,clay
5mQ2TFr1Aus_700.png,clay
5mQ2TFr1Aus_2350.png,clay
5mQ2TFr1Aus_2400.png,clay
5QObSWGBQB8_1250.png,clay
6_yJNU_WYag_400.png,clay
6CRu9DY7KII_850.png,clay
6CRu9DY7KII_800.png,clay
7clXw-hyCqw_50.png,clay
BDKxLMJz3B4_650.png,grass
BDKxLMJz3B4_600.png,grass
BPasJyL7TQA_150.png,grass
BPasJyL7TQA_200.png,grass
chVcFbytWqE_150.png,grass
chVcFbytWqE_200.png,grass
Cnm54EPKu5U_1800.png,grass
Cnm54EPKu5U_1850.png,grass
Cnm54EPKu5U_2800.png,grass
FlrDJHcUEjI_100.png,grass
FlrDJHcUEjI_550.png,grass
G749JgIp_A0_450.png,grass
G749JgIp_A0_900.png,grass
G749JgIp_A0_1050.png,grass
G749JgIp_A0_2150.png,grass
G749JgIp_A0_1300.png,grass
G749JgIp_A0_3150.png,grass
J9A23juKRu4_250.png,grass
J9A23juKRu4_400.png,grass
0SCwfqgiCvE_100.png,grass
0SCwfqgiCvE_150.png,grass
0SCwfqgiCvE_1150.png,grass
0SCwfqgiCvE_500.png,grass
BDKxLMJz3B4_900.png,grass
BDKxLMJz3B4_750.png,grass
chVcFbytWqE_300.png,grass
Cnm54EPKu5U_800.png,grass
Cnm54EPKu5U_1750.png,grass
G749JgIp_A0_3050.png,grass
G749JgIp_A0_2650.png,grass